date,duoarea,value_mmbbl
2019-03-01,NUS,452.934
2019-03-01,R10,11.089
2019-03-01,R20,140.004
2019-03-01,R30,227.47
2019-03-01,R40,20.82
2019-03-01,R50,53.551
2019-03-08,NUS,449.072
2019-03-08,R10,14.218
2019-03-08,R20,141.365
2019-03-08,R30,222.146
2019-03-08,R40,20.893
2019-03-08,R50,50.45
2019-03-15,NUS,439.483
2019-03-15,R10,14.243
2019-03-15,R20,139.516
2019-03-15,R30,213.527
2019-03-15,R40,21.236
2019-03-15,R50,50.961
2019-03-22,NUS,442.283
2019-03-22,R10,14.364
2019-03-22,R20,137.97
2019-03-22,R30,218.105
2019-03-22,R40,21.891
2019-03-22,R50,49.952
2019-03-29,NUS,449.521
2019-03-29,R10,13.659
2019-03-29,R20,138.111
2019-03-29,R30,226.837
2019-03-29,R40,22.445
2019-03-29,R50,48.469
2019-04-05,NUS,456.55
2019-04-05,R10,13.2
2019-04-05,R20,137.692
2019-04-05,R30,232.23
2019-04-05,R40,23.196
2019-04-05,R50,50.232
2019-04-12,NUS,455.154
2019-04-12,R10,12.448
2019-04-12,R20,135.271
2019-04-12,R30,233.677
2019-04-12,R40,23.737
2019-04-12,R50,50.02
2019-04-19,NUS,460.633
2019-04-19,R10,15.022
2019-04-19,R20,135.218
2019-04-19,R30,235.432
2019-04-19,R40,24.174
2019-04-19,R50,50.789
2019-04-26,NUS,470.567
2019-04-26,R10,14.398
2019-04-26,R20,135.565
2019-04-26,R30,244.604
2019-04-26,R40,23.963
2019-04-26,R50,52.036
2019-05-03,NUS,466.604
2019-05-03,R10,13.067
2019-05-03,R20,137.228
2019-05-03,R30,239.847
2019-05-03,R40,23.916
2019-05-03,R50,52.547
2019-05-10,NUS,472.035
2019-05-10,R10,13.753
2019-05-10,R20,139.172
2019-05-10,R30,242.773
2019-05-10,R40,23.355
2019-05-10,R50,52.981
2019-05-17,NUS,476.775
2019-05-17,R10,13.285
2019-05-17,R20,142.428
2019-05-17,R30,245.65
2019-05-17,R40,23.087
2019-05-17,R50,52.325
2019-05-24,NUS,476.493
2019-05-24,R10,14.154
2019-05-24,R20,142.606
2019-05-24,R30,244.852
2019-05-24,R40,23.642
2019-05-24,R50,51.241
2019-05-31,NUS,483.264
2019-05-31,R10,15.069
2019-05-31,R20,143.91
2019-05-31,R30,248.317
2019-05-31,R40,23.579
2019-05-31,R50,52.387
2019-06-07,NUS,485.47
2019-06-07,R10,15.257
2019-06-07,R20,145.806
2019-06-07,R30,247.108
2019-06-07,R40,23.466
2019-06-07,R50,53.833
2019-06-14,NUS,482.364
2019-06-14,R10,16.218
2019-06-14,R20,146.554
2019-06-14,R30,241.278
2019-06-14,R40,23.295
2019-06-14,R50,55.02
2019-06-21,NUS,469.576
2019-06-21,R10,13.999
2019-06-21,R20,144.213
2019-06-21,R30,235.018
2019-06-21,R40,22.593
2019-06-21,R50,53.754
2019-06-28,NUS,468.491
2019-06-28,R10,16.267
2019-06-28,R20,143.795
2019-06-28,R30,234.733
2019-06-28,R40,22.036
2019-06-28,R50,51.66
2019-07-05,NUS,458.992
2019-07-05,R10,15.865
2019-07-05,R20,141.766
2019-07-05,R30,227.976
2019-07-05,R40,22.163
2019-07-05,R50,51.222
2019-07-12,NUS,455.876
2019-07-12,R10,15.673
2019-07-12,R20,140.264
2019-07-12,R30,228.538
2019-07-12,R40,21.654
2019-07-12,R50,49.747
2019-07-19,NUS,445.041
2019-07-19,R10,13.524
2019-07-19,R20,139.281
2019-07-19,R30,220.601
2019-07-19,R40,20.528
2019-07-19,R50,51.106
2019-07-26,NUS,436.545
2019-07-26,R10,13.008
2019-07-26,R20,138.352
2019-07-26,R30,217.166
2019-07-26,R40,19.884
2019-07-26,R50,48.133
2019-08-02,NUS,438.93
2019-08-02,R10,11.251
2019-08-02,R20,135.973
2019-08-02,R30,222.695
2019-08-02,R40,20.08
2019-08-02,R50,48.932
2019-08-09,NUS,440.51
2019-08-09,R10,11.772
2019-08-09,R20,132.637
2019-08-09,R30,224.457
2019-08-09,R40,20.512
2019-08-09,R50,51.131
2019-08-16,NUS,437.778
2019-08-16,R10,12.327
2019-08-16,R20,129.997
2019-08-16,R30,225.147
2019-08-16,R40,20.469
2019-08-16,R50,49.839
2019-08-23,NUS,427.751
2019-08-23,R10,11.034
2019-08-23,R20,125.122
2019-08-23,R30,223.993
2019-08-23,R40,20.391
2019-08-23,R50,47.211
2019-08-30,NUS,422.98
2019-08-30,R10,10.981
2019-08-30,R20,124.832
2019-08-30,R30,220.356
2019-08-30,R40,20.046
2019-08-30,R50,46.764
2019-09-06,NUS,416.068
2019-09-06,R10,10.459
2019-09-06,R20,124.241
2019-09-06,R30,217.915
2019-09-06,R40,19.259
2019-09-06,R50,44.194
2019-09-13,NUS,417.126
2019-09-13,R10,10.777
2019-09-13,R20,122.158
2019-09-13,R30,219.929
2019-09-13,R40,19.618
2019-09-13,R50,44.644
2019-09-20,NUS,419.538
2019-09-20,R10,11.167
2019-09-20,R20,125.266
2019-09-20,R30,216.548
2019-09-20,R40,20.417
2019-09-20,R50,46.139
2019-09-27,NUS,422.642
2019-09-27,R10,11.786
2019-09-27,R20,127.455
2019-09-27,R30,215.774
2019-09-27,R40,20.359
2019-09-27,R50,47.268
2019-10-04,NUS,425.569
2019-10-04,R10,10.904
2019-10-04,R20,126.556
2019-10-04,R30,221.415
2019-10-04,R40,20.334
2019-10-04,R50,46.359
2019-10-11,NUS,434.85
2019-10-11,R10,11.198
2019-10-11,R20,128.396
2019-10-11,R30,226.932
2019-10-11,R40,21.175
2019-10-11,R50,47.148
2019-10-18,NUS,433.151
2019-10-18,R10,10.849
2019-10-18,R20,129.911
2019-10-18,R30,223.224
2019-10-18,R40,21.647
2019-10-18,R50,47.52
2019-10-25,NUS,438.853
2019-10-25,R10,10.945
2019-10-25,R20,131.487
2019-10-25,R30,224.819
2019-10-25,R40,22.572
2019-10-25,R50,49.03
2019-11-01,NUS,446.782
2019-11-01,R10,10.541
2019-11-01,R20,134.634
2019-11-01,R30,227.577
2019-11-01,R40,22.781
2019-11-01,R50,51.249
2019-11-08,NUS,449.001
2019-11-08,R10,10.548
2019-11-08,R20,133.668
2019-11-08,R30,230.242
2019-11-08,R40,23.408
2019-11-08,R50,51.135
2019-11-15,NUS,450.38
2019-11-15,R10,10.677
2019-11-15,R20,131.497
2019-11-15,R30,231.817
2019-11-15,R40,24.784
2019-11-15,R50,51.605
2019-11-22,NUS,451.952
2019-11-22,R10,11.313
2019-11-22,R20,130.901
2019-11-22,R30,232.564
2019-11-22,R40,24.364
2019-11-22,R50,52.809
2019-11-29,NUS,447.096
2019-11-29,R10,11.015
2019-11-29,R20,131.174
2019-11-29,R30,229.842
2019-11-29,R40,23.829
2019-11-29,R50,51.237
2019-12-06,NUS,447.918
2019-12-06,R10,10.114
2019-12-06,R20,126.533
2019-12-06,R30,235.275
2019-12-06,R40,23.971
2019-12-06,R50,52.023
2019-12-13,NUS,446.833
2019-12-13,R10,11.131
2019-12-13,R20,127.37
2019-12-13,R30,232.287
2019-12-13,R40,24.066
2019-12-13,R50,51.98
2019-12-20,NUS,441.359
2019-12-20,R10,9.958
2019-12-20,R20,126.294
2019-12-20,R30,230.365
2019-12-20,R40,23.432
2019-12-20,R50,51.31
2019-12-27,NUS,429.896
2019-12-27,R10,9.833
2019-12-27,R20,125.86
2019-12-27,R30,219.267
2019-12-27,R40,22.923
2019-12-27,R50,52.012
2020-01-03,NUS,431.06
2020-01-03,R10,9.347
2020-01-03,R20,126.477
2020-01-03,R30,221.402
2020-01-03,R40,22.826
2020-01-03,R50,51.007
2020-01-10,NUS,428.511
2020-01-10,R10,9.875
2020-01-10,R20,126.223
2020-01-10,R30,218.434
2020-01-10,R40,21.901
2020-01-10,R50,52.077
2020-01-17,NUS,428.106
2020-01-17,R10,10.325
2020-01-17,R20,125.893
2020-01-17,R30,219.249
2020-01-17,R40,21.541
2020-01-17,R50,51.098
2020-01-24,NUS,431.654
2020-01-24,R10,10.461
2020-01-24,R20,125.757
2020-01-24,R30,221.603
2020-01-24,R40,21.94
2020-01-24,R50,51.892
2020-01-31,NUS,435.009
2020-01-31,R10,9.541
2020-01-31,R20,126.855
2020-01-31,R30,226.521
2020-01-31,R40,21.763
2020-01-31,R50,50.329
2020-02-07,NUS,442.468
2020-02-07,R10,10.912
2020-02-07,R20,127.718
2020-02-07,R30,229.256
2020-02-07,R40,21.56
2020-02-07,R50,53.022
2020-02-14,NUS,442.883
2020-02-14,R10,10.192
2020-02-14,R20,126.603
2020-02-14,R30,230.657
2020-02-14,R40,20.805
2020-02-14,R50,54.625
2020-02-21,NUS,443.335
2020-02-21,R10,10.524
2020-02-21,R20,126.753
2020-02-21,R30,232.618
2020-02-21,R40,20.385
2020-02-21,R50,53.055
2020-02-28,NUS,444.119
2020-02-28,R10,10.26
2020-02-28,R20,124.256
2020-02-28,R30,236.084
2020-02-28,R40,20.528
2020-02-28,R50,52.992
2020-03-06,NUS,451.783
2020-03-06,R10,11.22
2020-03-06,R20,126.666
2020-03-06,R30,242.203
2020-03-06,R40,20.483
2020-03-06,R50,51.21
2020-03-13,NUS,453.737
2020-03-13,R10,11.115
2020-03-13,R20,127.402
2020-03-13,R30,243.926
2020-03-13,R40,20.564
2020-03-13,R50,50.729
2020-03-20,NUS,455.36
2020-03-20,R10,11.347
2020-03-20,R20,129.723
2020-03-20,R30,241.31
2020-03-20,R40,21.271
2020-03-20,R50,51.71
2020-03-27,NUS,469.193
2020-03-27,R10,11.47
2020-03-27,R20,134.399
2020-03-27,R30,247.786
2020-03-27,R40,21.826
2020-03-27,R50,53.713
2020-04-03,NUS,484.37
2020-04-03,R10,11.971
2020-04-03,R20,141.755
2020-04-03,R30,253.122
2020-04-03,R40,22.844
2020-04-03,R50,54.679
2020-04-10,NUS,503.618
2020-04-10,R10,11.289
2020-04-10,R20,147.405
2020-04-10,R30,263.36
2020-04-10,R40,24.127
2020-04-10,R50,57.437
2020-04-17,NUS,518.64
2020-04-17,R10,11.564
2020-04-17,R20,152.242
2020-04-17,R30,273.238
2020-04-17,R40,24.642
2020-04-17,R50,56.954
2020-04-24,NUS,527.631
2020-04-24,R10,11.13
2020-04-24,R20,155.57
2020-04-24,R30,280.353
2020-04-24,R40,24.374
2020-04-24,R50,56.204
2020-05-01,NUS,532.221
2020-05-01,R10,12.058
2020-05-01,R20,156.707
2020-05-01,R30,282.67
2020-05-01,R40,24.725
2020-05-01,R50,56.062
2020-05-08,NUS,531.476
2020-05-08,R10,13.243
2020-05-08,R20,153.336
2020-05-08,R30,282.453
2020-05-08,R40,24.216
2020-05-08,R50,58.228
2020-05-15,NUS,526.494
2020-05-15,R10,12.306
2020-05-15,R20,147.493
2020-05-15,R30,284.901
2020-05-15,R40,24.67
2020-05-15,R50,57.124
2020-05-22,NUS,534.422
2020-05-22,R10,12.559
2020-05-22,R20,143.533
2020-05-22,R30,295.15
2020-05-22,R40,25.027
2020-05-22,R50,58.153
2020-05-29,NUS,532.345
2020-05-29,R10,12.891
2020-05-29,R20,141.797
2020-05-29,R30,296.81
2020-05-29,R40,24.532
2020-05-29,R50,56.316
2020-06-05,NUS,538.065
2020-06-05,R10,12.494
2020-06-05,R20,140.744
2020-06-05,R30,303.681
2020-06-05,R40,24.709
2020-06-05,R50,56.436
2020-06-12,NUS,539.28
2020-06-12,R10,12.36
2020-06-12,R20,137.978
2020-06-12,R30,307.489
2020-06-12,R40,25.608
2020-06-12,R50,55.845
2020-06-19,NUS,540.722
2020-06-19,R10,12.525
2020-06-19,R20,137.942
2020-06-19,R30,307.996
2020-06-19,R40,25.508
2020-06-19,R50,56.751
2020-06-26,NUS,533.527
2020-06-26,R10,12.504
2020-06-26,R20,136.846
2020-06-26,R30,303.967
2020-06-26,R40,25.585
2020-06-26,R50,54.625
2020-07-03,NUS,539.181
2020-07-03,R10,12.069
2020-07-03,R20,136.255
2020-07-03,R30,309.016
2020-07-03,R40,25.627
2020-07-03,R50,56.214
2020-07-10,NUS,531.688
2020-07-10,R10,13.064
2020-07-10,R20,137.174
2020-07-10,R30,301.119
2020-07-10,R40,25.581
2020-07-10,R50,54.75
2020-07-17,NUS,536.58
2020-07-17,R10,13.22
2020-07-17,R20,137.504
2020-07-17,R30,305.969
2020-07-17,R40,25.412
2020-07-17,R50,54.476
2020-07-24,NUS,525.969
2020-07-24,R10,12.669
2020-07-24,R20,139.735
2020-07-24,R30,295.507
2020-07-24,R40,25.304
2020-07-24,R50,52.754
2020-07-31,NUS,518.596
2020-07-31,R10,11.975
2020-07-31,R20,140.217
2020-07-31,R30,288.121
2020-07-31,R40,25.015
2020-07-31,R50,53.268
2020-08-07,NUS,514.084
2020-08-07,R10,11.038
2020-08-07,R20,142.39
2020-08-07,R30,281.416
2020-08-07,R40,25.364
2020-08-07,R50,53.875
2020-08-14,NUS,512.452
2020-08-14,R10,11.765
2020-08-14,R20,141.833
2020-08-14,R30,279.175
2020-08-14,R40,25.261
2020-08-14,R50,54.417
2020-08-21,NUS,507.763
2020-08-21,R10,11.54
2020-08-21,R20,141.323
2020-08-21,R30,276.721
2020-08-21,R40,25.265
2020-08-21,R50,52.915
2020-08-28,NUS,498.401
2020-08-28,R10,12.019
2020-08-28,R20,139.908
2020-08-28,R30,268.661
2020-08-28,R40,24.587
2020-08-28,R50,53.226
2020-09-04,NUS,500.434
2020-09-04,R10,12.156
2020-09-04,R20,141.098
2020-09-04,R30,269.394
2020-09-04,R40,23.42
2020-09-04,R50,54.366
2020-09-11,NUS,496.045
2020-09-11,R10,12.075
2020-09-11,R20,140.507
2020-09-11,R30,266.618
2020-09-11,R40,23.774
2020-09-11,R50,53.069
2020-09-18,NUS,494.406
2020-09-18,R10,11.001
2020-09-18,R20,140.534
2020-09-18,R30,265.0
2020-09-18,R40,23.546
2020-09-18,R50,54.325
2020-09-25,NUS,492.426
2020-09-25,R10,10.747
2020-09-25,R20,143.316
2020-09-25,R30,263.512
2020-09-25,R40,23.087
2020-09-25,R50,51.764
2020-10-02,NUS,492.927
2020-10-02,R10,11.434
2020-10-02,R20,142.731
2020-10-02,R30,261.453
2020-10-02,R40,23.351
2020-10-02,R50,53.957
2020-10-09,NUS,489.109
2020-10-09,R10,11.919
2020-10-09,R20,144.749
2020-10-09,R30,256.333
2020-10-09,R40,23.738
2020-10-09,R50,52.369
2020-10-16,NUS,488.107
2020-10-16,R10,10.34
2020-10-16,R20,146.848
2020-10-16,R30,255.886
2020-10-16,R40,23.141
2020-10-16,R50,51.892
2020-10-23,NUS,492.427
2020-10-23,R10,10.737
2020-10-23,R20,145.956
2020-10-23,R30,261.179
2020-10-23,R40,23.007
2020-10-23,R50,51.548
2020-10-30,NUS,484.429
2020-10-30,R10,10.358
2020-10-30,R20,146.595
2020-10-30,R30,253.394
2020-10-30,R40,22.935
2020-10-30,R50,51.147
2020-11-06,NUS,488.706
2020-11-06,R10,10.01
2020-11-06,R20,146.038
2020-11-06,R30,258.496
2020-11-06,R40,24.622
2020-11-06,R50,49.54
2020-11-13,NUS,489.475
2020-11-13,R10,10.274
2020-11-13,R20,148.156
2020-11-13,R30,260.801
2020-11-13,R40,24.504
2020-11-13,R50,45.74
2020-11-20,NUS,488.721
2020-11-20,R10,10.131
2020-11-20,R20,146.251
2020-11-20,R30,262.822
2020-11-20,R40,24.272
2020-11-20,R50,45.244
2020-11-27,NUS,488.042
2020-11-27,R10,10.489
2020-11-27,R20,146.859
2020-11-27,R30,262.17
2020-11-27,R40,23.964
2020-11-27,R50,44.561
2020-12-04,NUS,503.231
2020-12-04,R10,10.611
2020-12-04,R20,146.74
2020-12-04,R30,273.963
2020-12-04,R40,24.165
2020-12-04,R50,47.753
2020-12-11,NUS,500.096
2020-12-11,R10,11.553
2020-12-11,R20,146.377
2020-12-11,R30,270.993
2020-12-11,R40,24.464
2020-12-11,R50,46.709
2020-12-18,NUS,499.534
2020-12-18,R10,10.831
2020-12-18,R20,146.41
2020-12-18,R30,272.147
2020-12-18,R40,24.479
2020-12-18,R50,45.667
2020-12-25,NUS,493.469
2020-12-25,R10,10.627
2020-12-25,R20,146.858
2020-12-25,R30,264.855
2020-12-25,R40,24.481
2020-12-25,R50,46.648
2021-01-01,NUS,485.459
2021-01-01,R10,10.323
2021-01-01,R20,146.489
2021-01-01,R30,258.63
2021-01-01,R40,23.728
2021-01-01,R50,46.288
2021-01-08,NUS,482.211
2021-01-08,R10,10.228
2021-01-08,R20,144.059
2021-01-08,R30,257.456
2021-01-08,R40,24.257
2021-01-08,R50,46.212
2021-01-15,NUS,486.563
2021-01-15,R10,11.64
2021-01-15,R20,139.652
2021-01-15,R30,263.05
2021-01-15,R40,24.206
2021-01-15,R50,48.015
2021-01-22,NUS,476.653
2021-01-22,R10,11.3
2021-01-22,R20,136.977
2021-01-22,R30,256.623
2021-01-22,R40,24.28
2021-01-22,R50,47.473
2021-01-29,NUS,475.659
2021-01-29,R10,11.125
2021-01-29,R20,135.522
2021-01-29,R30,255.583
2021-01-29,R40,24.276
2021-01-29,R50,49.153
2021-02-05,NUS,469.014
2021-02-05,R10,10.037
2021-02-05,R20,134.589
2021-02-05,R30,251.042
2021-02-05,R40,24.697
2021-02-05,R50,48.65
2021-02-12,NUS,461.757
2021-02-12,R10,10.153
2021-02-12,R20,129.497
2021-02-12,R30,249.388
2021-02-12,R40,23.829
2021-02-12,R50,48.89
2021-02-19,NUS,463.042
2021-02-19,R10,8.42
2021-02-19,R20,133.989
2021-02-19,R30,246.878
2021-02-19,R40,23.04
2021-02-19,R50,50.715
2021-02-26,NUS,484.605
2021-02-26,R10,8.851
2021-02-26,R20,135.062
2021-02-26,R30,267.733
2021-02-26,R40,22.93
2021-02-26,R50,50.029
2021-03-05,NUS,498.403
2021-03-05,R10,8.373
2021-03-05,R20,133.774
2021-03-05,R30,282.92
2021-03-05,R40,22.513
2021-03-05,R50,50.824
2021-03-12,NUS,500.799
2021-03-12,R10,8.18
2021-03-12,R20,132.155
2021-03-12,R30,288.181
2021-03-12,R40,22.966
2021-03-12,R50,49.317
2021-03-19,NUS,502.711
2021-03-19,R10,8.717
2021-03-19,R20,130.86
2021-03-19,R30,293.566
2021-03-19,R40,22.155
2021-03-19,R50,47.412
2021-03-26,NUS,501.835
2021-03-26,R10,8.65
2021-03-26,R20,129.442
2021-03-26,R30,294.428
2021-03-26,R40,23.173
2021-03-26,R50,46.141
2021-04-02,NUS,498.313
2021-04-02,R10,8.324
2021-04-02,R20,128.222
2021-04-02,R30,290.268
2021-04-02,R40,23.263
2021-04-02,R50,48.235
2021-04-09,NUS,492.423
2021-04-09,R10,8.142
2021-04-09,R20,130.466
2021-04-09,R30,283.813
2021-04-09,R40,23.831
2021-04-09,R50,46.171
2021-04-16,NUS,493.017
2021-04-16,R10,7.864
2021-04-16,R20,129.722
2021-04-16,R30,285.061
2021-04-16,R40,24.087
2021-04-16,R50,46.284
2021-04-23,NUS,493.107
2021-04-23,R10,9.471
2021-04-23,R20,132.393
2021-04-23,R30,279.994
2021-04-23,R40,24.827
2021-04-23,R50,46.423
2021-04-30,NUS,485.117
2021-04-30,R10,8.389
2021-04-30,R20,134.269
2021-04-30,R30,269.584
2021-04-30,R40,24.913
2021-04-30,R50,47.962
2021-05-07,NUS,484.691
2021-05-07,R10,6.71
2021-05-07,R20,133.322
2021-05-07,R30,271.464
2021-05-07,R40,24.954
2021-05-07,R50,48.241
2021-05-14,NUS,486.011
2021-05-14,R10,7.967
2021-05-14,R20,134.497
2021-05-14,R30,272.349
2021-05-14,R40,25.409
2021-05-14,R50,45.789
2021-05-21,NUS,484.349
2021-05-21,R10,7.943
2021-05-21,R20,132.803
2021-05-21,R30,270.447
2021-05-21,R40,25.262
2021-05-21,R50,47.895
2021-05-28,NUS,479.27
2021-05-28,R10,8.503
2021-05-28,R20,133.395
2021-05-28,R30,264.809
2021-05-28,R40,24.786
2021-05-28,R50,47.776
2021-06-04,NUS,474.029
2021-06-04,R10,8.97
2021-06-04,R20,133.272
2021-06-04,R30,258.016
2021-06-04,R40,24.851
2021-06-04,R50,48.919
2021-06-11,NUS,466.674
2021-06-11,R10,8.04
2021-06-11,R20,129.623
2021-06-11,R30,256.259
2021-06-11,R40,25.018
2021-06-11,R50,47.732
2021-06-18,NUS,459.06
2021-06-18,R10,8.407
2021-06-18,R20,127.529
2021-06-18,R30,251.186
2021-06-18,R40,24.76
2021-06-18,R50,47.178
2021-06-25,NUS,452.342
2021-06-25,R10,8.284
2021-06-25,R20,125.122
2021-06-25,R30,246.253
2021-06-25,R40,24.515
2021-06-25,R50,48.169
2021-07-02,NUS,445.476
2021-07-02,R10,8.021
2021-07-02,R20,123.286
2021-07-02,R30,241.844
2021-07-02,R40,23.906
2021-07-02,R50,48.419
2021-07-09,NUS,437.58
2021-07-09,R10,8.583
2021-07-09,R20,121.272
2021-07-09,R30,236.498
2021-07-09,R40,23.93
2021-07-09,R50,47.297
2021-07-16,NUS,439.687
2021-07-16,R10,8.941
2021-07-16,R20,119.041
2021-07-16,R30,238.398
2021-07-16,R40,24.24
2021-07-16,R50,49.068
2021-07-23,NUS,435.598
2021-07-23,R10,9.278
2021-07-23,R20,118.588
2021-07-23,R30,238.618
2021-07-23,R40,23.885
2021-07-23,R50,45.229
2021-07-30,NUS,439.225
2021-07-30,R10,8.829
2021-07-30,R20,118.317
2021-07-30,R30,241.719
2021-07-30,R40,23.733
2021-07-30,R50,46.626
2021-08-06,NUS,438.777
2021-08-06,R10,7.885
2021-08-06,R20,117.055
2021-08-06,R30,242.852
2021-08-06,R40,24.18
2021-08-06,R50,46.805
2021-08-13,NUS,435.544
2021-08-13,R10,8.83
2021-08-13,R20,114.816
2021-08-13,R30,240.99
2021-08-13,R40,24.392
2021-08-13,R50,46.516
2021-08-20,NUS,432.564
2021-08-20,R10,8.156
2021-08-20,R20,114.51
2021-08-20,R30,239.57
2021-08-20,R40,23.326
2021-08-20,R50,47.003
2021-08-27,NUS,425.395
2021-08-27,R10,8.256
2021-08-27,R20,115.114
2021-08-27,R30,230.6
2021-08-27,R40,23.779
2021-08-27,R50,47.646
2021-09-03,NUS,423.867
2021-09-03,R10,8.339
2021-09-03,R20,117.089
2021-09-03,R30,228.007
2021-09-03,R40,23.512
2021-09-03,R50,46.919
2021-09-10,NUS,417.445
2021-09-10,R10,8.143
2021-09-10,R20,113.872
2021-09-10,R30,224.156
2021-09-10,R40,23.389
2021-09-10,R50,47.884
2021-09-17,NUS,413.964
2021-09-17,R10,7.984
2021-09-17,R20,111.138
2021-09-17,R30,223.902
2021-09-17,R40,23.426
2021-09-17,R50,47.514
2021-09-24,NUS,418.542
2021-09-24,R10,8.844
2021-09-24,R20,111.12
2021-09-24,R30,227.77
2021-09-24,R40,23.493
2021-09-24,R50,47.314
2021-10-01,NUS,420.887
2021-10-01,R10,7.858
2021-10-01,R20,113.437
2021-10-01,R30,227.843
2021-10-01,R40,23.055
2021-10-01,R50,48.694
2021-10-08,NUS,426.975
2021-10-08,R10,8.116
2021-10-08,R20,110.712
2021-10-08,R30,236.857
2021-10-08,R40,23.426
2021-10-08,R50,47.864
2021-10-15,NUS,426.544
2021-10-15,R10,8.089
2021-10-15,R20,108.497
2021-10-15,R30,238.768
2021-10-15,R40,23.576
2021-10-15,R50,47.614
2021-10-22,NUS,430.812
2021-10-22,R10,8.199
2021-10-22,R20,105.461
2021-10-22,R30,247.39
2021-10-22,R40,23.153
2021-10-22,R50,46.608
2021-10-29,NUS,434.102
2021-10-29,R10,8.403
2021-10-29,R20,106.523
2021-10-29,R30,249.348
2021-10-29,R40,23.624
2021-10-29,R50,46.205
2021-11-05,NUS,435.104
2021-11-05,R10,8.582
2021-11-05,R20,107.351
2021-11-05,R30,247.45
2021-11-05,R40,23.491
2021-11-05,R50,48.23
2021-11-12,NUS,433.003
2021-11-12,R10,9.645
2021-11-12,R20,109.486
2021-11-12,R30,242.578
2021-11-12,R40,23.74
2021-11-12,R50,47.554
2021-11-19,NUS,434.02
2021-11-19,R10,8.867
2021-11-19,R20,110.796
2021-11-19,R30,239.96
2021-11-19,R40,23.795
2021-11-19,R50,50.602
2021-11-26,NUS,433.111
2021-11-26,R10,9.064
2021-11-26,R20,113.292
2021-11-26,R30,237.154
2021-11-26,R40,23.563
2021-11-26,R50,50.038
2021-12-03,NUS,432.87
2021-12-03,R10,7.836
2021-12-03,R20,114.416
2021-12-03,R30,237.947
2021-12-03,R40,23.907
2021-12-03,R50,48.765
2021-12-10,NUS,428.286
2021-12-10,R10,7.908
2021-12-10,R20,113.659
2021-12-10,R30,234.144
2021-12-10,R40,24.114
2021-12-10,R50,48.461
2021-12-17,NUS,423.571
2021-12-17,R10,7.62
2021-12-17,R20,113.875
2021-12-17,R30,230.836
2021-12-17,R40,24.4
2021-12-17,R50,46.841
2021-12-24,NUS,419.995
2021-12-24,R10,8.189
2021-12-24,R20,114.989
2021-12-24,R30,226.538
2021-12-24,R40,24.119
2021-12-24,R50,46.16
2021-12-31,NUS,417.851
2021-12-31,R10,8.405
2021-12-31,R20,117.242
2021-12-31,R30,223.066
2021-12-31,R40,23.835
2021-12-31,R50,45.303
2022-01-07,NUS,413.298
2022-01-07,R10,7.385
2022-01-07,R20,114.299
2022-01-07,R30,220.327
2022-01-07,R40,23.223
2022-01-07,R50,48.064
2022-01-14,NUS,413.813
2022-01-14,R10,6.724
2022-01-14,R20,113.72
2022-01-14,R30,222.516
2022-01-14,R40,23.252
2022-01-14,R50,47.601
2022-01-21,NUS,416.19
2022-01-21,R10,6.893
2022-01-21,R20,112.288
2022-01-21,R30,224.872
2022-01-21,R40,23.184
2022-01-21,R50,48.953
2022-01-28,NUS,415.143
2022-01-28,R10,8.141
2022-01-28,R20,111.495
2022-01-28,R30,222.172
2022-01-28,R40,23.425
2022-01-28,R50,49.91
2022-02-04,NUS,410.387
2022-02-04,R10,7.378
2022-02-04,R20,108.701
2022-02-04,R30,220.652
2022-02-04,R40,23.452
2022-02-04,R50,50.203
2022-02-11,NUS,411.508
2022-02-11,R10,7.226
2022-02-11,R20,105.839
2022-02-11,R30,224.809
2022-02-11,R40,23.646
2022-02-11,R50,49.987
2022-02-18,NUS,416.022
2022-02-18,R10,8.298
2022-02-18,R20,103.245
2022-02-18,R30,229.772
2022-02-18,R40,24.153
2022-02-18,R50,50.554
2022-02-25,NUS,413.425
2022-02-25,R10,7.093
2022-02-25,R20,101.872
2022-02-25,R30,230.419
2022-02-25,R40,24.05
2022-02-25,R50,49.991
2022-03-04,NUS,411.562
2022-03-04,R10,7.567
2022-03-04,R20,100.834
2022-03-04,R30,229.255
2022-03-04,R40,23.534
2022-03-04,R50,50.373
2022-03-11,NUS,415.907
2022-03-11,R10,7.469
2022-03-11,R20,101.01
2022-03-11,R30,234.614
2022-03-11,R40,23.666
2022-03-11,R50,49.149
2022-03-18,NUS,413.399
2022-03-18,R10,7.03
2022-03-18,R20,103.039
2022-03-18,R30,228.052
2022-03-18,R40,24.182
2022-03-18,R50,51.096
2022-03-25,NUS,409.95
2022-03-25,R10,7.899
2022-03-25,R20,102.399
2022-03-25,R30,225.541
2022-03-25,R40,25.52
2022-03-25,R50,48.591
2022-04-01,NUS,412.371
2022-04-01,R10,7.045
2022-04-01,R20,105.444
2022-04-01,R30,227.705
2022-04-01,R40,25.455
2022-04-01,R50,46.722
2022-04-08,NUS,421.753
2022-04-08,R10,7.62
2022-04-08,R20,107.251
2022-04-08,R30,232.569
2022-04-08,R40,24.927
2022-04-08,R50,49.386
2022-04-15,NUS,413.733
2022-04-15,R10,7.264
2022-04-15,R20,105.845
2022-04-15,R30,229.068
2022-04-15,R40,24.555
2022-04-15,R50,47.0
2022-04-22,NUS,414.424
2022-04-22,R10,8.465
2022-04-22,R20,105.934
2022-04-22,R30,228.329
2022-04-22,R40,23.718
2022-04-22,R50,47.978
2022-04-29,NUS,415.727
2022-04-29,R10,8.236
2022-04-29,R20,105.511
2022-04-29,R30,231.835
2022-04-29,R40,23.083
2022-04-29,R50,47.062
2022-05-06,NUS,424.214
2022-05-06,R10,9.289
2022-05-06,R20,106.882
2022-05-06,R30,233.928
2022-05-06,R40,23.616
2022-05-06,R50,50.499
2022-05-13,NUS,420.82
2022-05-13,R10,8.027
2022-05-13,R20,106.061
2022-05-13,R30,234.077
2022-05-13,R40,23.924
2022-05-13,R50,48.73
2022-05-20,NUS,419.801
2022-05-20,R10,8.291
2022-05-20,R20,104.726
2022-05-20,R30,234.189
2022-05-20,R40,24.381
2022-05-20,R50,48.214
2022-05-27,NUS,414.733
2022-05-27,R10,9.35
2022-05-27,R20,105.013
2022-05-27,R30,227.393
2022-05-27,R40,24.842
2022-05-27,R50,48.135
2022-06-03,NUS,416.758
2022-06-03,R10,7.415
2022-06-03,R20,103.774
2022-06-03,R30,235.44
2022-06-03,R40,24.983
2022-06-03,R50,45.146
2022-06-10,NUS,418.714
2022-06-10,R10,7.326
2022-06-10,R20,102.386
2022-06-10,R30,237.361
2022-06-10,R40,24.746
2022-06-10,R50,46.896
2022-06-17,NUS,418.328
2022-06-17,R10,7.457
2022-06-17,R20,102.239
2022-06-17,R30,236.963
2022-06-17,R40,24.32
2022-06-17,R50,47.348
2022-06-24,NUS,415.566
2022-06-24,R10,7.645
2022-06-24,R20,100.948
2022-06-24,R30,236.152
2022-06-24,R40,23.636
2022-06-24,R50,47.184
2022-07-01,NUS,423.8
2022-07-01,R10,8.014
2022-07-01,R20,103.181
2022-07-01,R30,241.711
2022-07-01,R40,23.801
2022-07-01,R50,47.094
2022-07-08,NUS,427.054
2022-07-08,R10,6.931
2022-07-08,R20,103.341
2022-07-08,R30,243.454
2022-07-08,R40,23.701
2022-07-08,R50,49.626
2022-07-15,NUS,426.609
2022-07-15,R10,8.168
2022-07-15,R20,105.301
2022-07-15,R30,241.744
2022-07-15,R40,23.372
2022-07-15,R50,48.023
2022-07-22,NUS,422.086
2022-07-22,R10,7.458
2022-07-22,R20,104.288
2022-07-22,R30,239.341
2022-07-22,R40,23.553
2022-07-22,R50,47.446
2022-07-29,NUS,426.553
2022-07-29,R10,7.496
2022-07-29,R20,107.751
2022-07-29,R30,237.682
2022-07-29,R40,23.685
2022-07-29,R50,49.939
2022-08-05,NUS,432.01
2022-08-05,R10,7.918
2022-08-05,R20,108.752
2022-08-05,R30,242.364
2022-08-05,R40,23.512
2022-08-05,R50,49.464
2022-08-12,NUS,424.954
2022-08-12,R10,7.882
2022-08-12,R20,108.494
2022-08-12,R30,234.876
2022-08-12,R40,23.258
2022-08-12,R50,50.443
2022-08-19,NUS,421.672
2022-08-19,R10,8.011
2022-08-19,R20,109.443
2022-08-19,R30,233.14
2022-08-19,R40,22.666
2022-08-19,R50,48.412
2022-08-26,NUS,418.346
2022-08-26,R10,7.641
2022-08-26,R20,107.836
2022-08-26,R30,231.438
2022-08-26,R40,22.344
2022-08-26,R50,49.087
2022-09-02,NUS,427.191
2022-09-02,R10,6.938
2022-09-02,R20,107.161
2022-09-02,R30,241.314
2022-09-02,R40,22.752
2022-09-02,R50,49.026
2022-09-09,NUS,429.633
2022-09-09,R10,8.372
2022-09-09,R20,107.846
2022-09-09,R30,242.488
2022-09-09,R40,22.775
2022-09-09,R50,48.151
2022-09-16,NUS,430.774
2022-09-16,R10,8.524
2022-09-16,R20,106.915
2022-09-16,R30,244.654
2022-09-16,R40,23.141
2022-09-16,R50,47.539
2022-09-23,NUS,430.559
2022-09-23,R10,8.219
2022-09-23,R20,108.223
2022-09-23,R30,241.777
2022-09-23,R40,23.694
2022-09-23,R50,48.647
2022-09-30,NUS,429.203
2022-09-30,R10,8.118
2022-09-30,R20,110.222
2022-09-30,R30,240.843
2022-09-30,R40,23.142
2022-09-30,R50,46.878
2022-10-07,NUS,439.082
2022-10-07,R10,8.122
2022-10-07,R20,109.416
2022-10-07,R30,249.123
2022-10-07,R40,23.641
2022-10-07,R50,48.781
2022-10-14,NUS,437.357
2022-10-14,R10,8.582
2022-10-14,R20,109.475
2022-10-14,R30,247.725
2022-10-14,R40,23.678
2022-10-14,R50,47.896
2022-10-21,NUS,439.945
2022-10-21,R10,7.891
2022-10-21,R20,110.31
2022-10-21,R30,249.505
2022-10-21,R40,23.446
2022-10-21,R50,48.793
2022-10-28,NUS,436.83
2022-10-28,R10,7.644
2022-10-28,R20,112.433
2022-10-28,R30,246.03
2022-10-28,R40,23.211
2022-10-28,R50,47.512
2022-11-04,NUS,440.755
2022-11-04,R10,8.386
2022-11-04,R20,111.547
2022-11-04,R30,247.393
2022-11-04,R40,23.899
2022-11-04,R50,49.531
2022-11-11,NUS,435.355
2022-11-11,R10,7.703
2022-11-11,R20,108.675
2022-11-11,R30,245.033
2022-11-11,R40,24.488
2022-11-11,R50,49.457
2022-11-18,NUS,431.665
2022-11-18,R10,8.625
2022-11-18,R20,108.535
2022-11-18,R30,241.154
2022-11-18,R40,24.879
2022-11-18,R50,48.471
2022-11-25,NUS,419.084
2022-11-25,R10,7.993
2022-11-25,R20,106.493
2022-11-25,R30,230.132
2022-11-25,R40,25.038
2022-11-25,R50,49.428
2022-12-02,NUS,413.898
2022-12-02,R10,7.181
2022-12-02,R20,105.775
2022-12-02,R30,226.512
2022-12-02,R40,24.615
2022-12-02,R50,49.815
2022-12-09,NUS,424.129
2022-12-09,R10,8.545
2022-12-09,R20,105.839
2022-12-09,R30,235.27
2022-12-09,R40,24.789
2022-12-09,R50,49.686
2022-12-16,NUS,418.234
2022-12-16,R10,7.541
2022-12-16,R20,106.041
2022-12-16,R30,230.703
2022-12-16,R40,25.044
2022-12-16,R50,48.904
2022-12-23,NUS,418.952
2022-12-23,R10,8.244
2022-12-23,R20,105.851
2022-12-23,R30,231.664
2022-12-23,R40,24.373
2022-12-23,R50,48.82
2022-12-30,NUS,420.646
2022-12-30,R10,7.575
2022-12-30,R20,106.272
2022-12-30,R30,233.943
2022-12-30,R40,23.894
2022-12-30,R50,48.962
2023-01-06,NUS,439.607
2023-01-06,R10,8.029
2023-01-06,R20,109.991
2023-01-06,R30,249.493
2023-01-06,R40,24.815
2023-01-06,R50,47.278
2023-01-13,NUS,448.015
2023-01-13,R10,7.744
2023-01-13,R20,115.668
2023-01-13,R30,250.877
2023-01-13,R40,24.929
2023-01-13,R50,48.797
2023-01-20,NUS,448.548
2023-01-20,R10,7.315
2023-01-20,R20,120.588
2023-01-20,R30,248.918
2023-01-20,R40,25.053
2023-01-20,R50,46.675
2023-01-27,NUS,452.688
2023-01-27,R10,8.485
2023-01-27,R20,123.4
2023-01-27,R30,248.993
2023-01-27,R40,25.008
2023-01-27,R50,46.802
2023-02-03,NUS,455.111
2023-02-03,R10,7.502
2023-02-03,R20,125.125
2023-02-03,R30,248.582
2023-02-03,R40,24.673
2023-02-03,R50,49.229
2023-02-10,NUS,471.394
2023-02-10,R10,6.889
2023-02-10,R20,127.27
2023-02-10,R30,263.081
2023-02-10,R40,24.841
2023-02-10,R50,49.312
2023-02-17,NUS,479.041
2023-02-17,R10,8.032
2023-02-17,R20,127.938
2023-02-17,R30,267.926
2023-02-17,R40,25.249
2023-02-17,R50,49.896
2023-02-24,NUS,480.207
2023-02-24,R10,7.147
2023-02-24,R20,128.572
2023-02-24,R30,267.239
2023-02-24,R40,25.161
2023-02-24,R50,52.086
2023-03-03,NUS,478.513
2023-03-03,R10,6.655
2023-03-03,R20,128.292
2023-03-03,R30,269.857
2023-03-03,R40,24.682
2023-03-03,R50,49.026
2023-03-10,NUS,480.063
2023-03-10,R10,6.565
2023-03-10,R20,125.016
2023-03-10,R30,272.598
2023-03-10,R40,24.956
2023-03-10,R50,50.928
2023-03-17,NUS,481.18
2023-03-17,R10,6.53
2023-03-17,R20,123.168
2023-03-17,R30,275.211
2023-03-17,R40,25.427
2023-03-17,R50,50.843
2023-03-24,NUS,473.691
2023-03-24,R10,6.853
2023-03-24,R20,122.567
2023-03-24,R30,268.822
2023-03-24,R40,25.461
2023-03-24,R50,49.988
2023-03-31,NUS,469.952
2023-03-31,R10,7.12
2023-03-31,R20,122.153
2023-03-31,R30,265.595
2023-03-31,R40,25.534
2023-03-31,R50,49.551
2023-04-07,NUS,470.549
2023-04-07,R10,7.436
2023-04-07,R20,119.965
2023-04-07,R30,267.507
2023-04-07,R40,25.424
2023-04-07,R50,50.217
2023-04-14,NUS,465.968
2023-04-14,R10,7.621
2023-04-14,R20,118.613
2023-04-14,R30,265.294
2023-04-14,R40,24.998
2023-04-14,R50,49.441
2023-04-21,NUS,460.914
2023-04-21,R10,7.593
2023-04-21,R20,117.944
2023-04-21,R30,259.862
2023-04-21,R40,25.202
2023-04-21,R50,50.312
2023-04-28,NUS,459.633
2023-04-28,R10,7.476
2023-04-28,R20,120.023
2023-04-28,R30,254.925
2023-04-28,R40,25.48
2023-04-28,R50,51.73
2023-05-05,NUS,462.584
2023-05-05,R10,8.828
2023-05-05,R20,119.862
2023-05-05,R30,253.807
2023-05-05,R40,26.807
2023-05-05,R50,53.28
2023-05-12,NUS,467.624
2023-05-12,R10,8.724
2023-05-12,R20,122.727
2023-05-12,R30,256.187
2023-05-12,R40,27.397
2023-05-12,R50,52.589
2023-05-19,NUS,455.168
2023-05-19,R10,9.338
2023-05-19,R20,122.406
2023-05-19,R30,244.748
2023-05-19,R40,26.775
2023-05-19,R50,51.901
2023-05-26,NUS,459.657
2023-05-26,R10,8.115
2023-05-26,R20,123.198
2023-05-26,R30,248.973
2023-05-26,R40,26.668
2023-05-26,R50,52.703
2023-06-02,NUS,459.205
2023-06-02,R10,7.818
2023-06-02,R20,125.194
2023-06-02,R30,248.164
2023-06-02,R40,26.101
2023-06-02,R50,51.927
2023-06-09,NUS,467.124
2023-06-09,R10,7.709
2023-06-09,R20,126.739
2023-06-09,R30,254.296
2023-06-09,R40,26.074
2023-06-09,R50,52.307
2023-06-16,NUS,463.293
2023-06-16,R10,8.179
2023-06-16,R20,125.929
2023-06-16,R30,254.912
2023-06-16,R40,25.497
2023-06-16,R50,48.776
2023-06-23,NUS,453.69
2023-06-23,R10,7.518
2023-06-23,R20,126.783
2023-06-23,R30,246.264
2023-06-23,R40,25.156
2023-06-23,R50,47.97
2023-06-30,NUS,452.182
2023-06-30,R10,7.879
2023-06-30,R20,127.28
2023-06-30,R30,244.495
2023-06-30,R40,25.105
2023-06-30,R50,47.424
2023-07-07,NUS,458.128
2023-07-07,R10,7.367
2023-07-07,R20,124.701
2023-07-07,R30,252.468
2023-07-07,R40,25.28
2023-07-07,R50,48.312
2023-07-14,NUS,457.42
2023-07-14,R10,7.925
2023-07-14,R20,122.056
2023-07-14,R30,256.432
2023-07-14,R40,24.814
2023-07-14,R50,46.193
2023-07-21,NUS,456.82
2023-07-21,R10,8.06
2023-07-21,R20,118.985
2023-07-21,R30,258.953
2023-07-21,R40,24.224
2023-07-21,R50,46.599
2023-07-28,NUS,439.771
2023-07-28,R10,7.764
2023-07-28,R20,119.383
2023-07-28,R30,243.379
2023-07-28,R40,24.201
2023-07-28,R50,45.044
2023-08-04,NUS,445.622
2023-08-04,R10,8.519
2023-08-04,R20,118.98
2023-08-04,R30,248.471
2023-08-04,R40,24.281
2023-08-04,R50,45.372
2023-08-11,NUS,439.662
2023-08-11,R10,8.507
2023-08-11,R20,117.443
2023-08-11,R30,243.54
2023-08-11,R40,24.013
2023-08-11,R50,46.159
2023-08-18,NUS,433.528
2023-08-18,R10,7.04
2023-08-18,R20,114.121
2023-08-18,R30,243.462
2023-08-18,R40,23.748
2023-08-18,R50,45.156
2023-08-25,NUS,422.944
2023-08-25,R10,6.736
2023-08-25,R20,111.295
2023-08-25,R30,234.302
2023-08-25,R40,23.683
2023-08-25,R50,46.928
2023-09-01,NUS,416.637
2023-09-01,R10,7.148
2023-09-01,R20,108.869
2023-09-01,R30,231.423
2023-09-01,R40,23.67
2023-09-01,R50,45.528
2023-09-08,NUS,420.592
2023-09-08,R10,7.174
2023-09-08,R20,104.662
2023-09-08,R30,238.699
2023-09-08,R40,23.954
2023-09-08,R50,46.102
2023-09-15,NUS,418.456
2023-09-15,R10,7.363
2023-09-15,R20,101.497
2023-09-15,R30,239.077
2023-09-15,R40,23.88
2023-09-15,R50,46.64
2023-09-22,NUS,416.287
2023-09-22,R10,6.791
2023-09-22,R20,102.89
2023-09-22,R30,237.997
2023-09-22,R40,23.469
2023-09-22,R50,45.139
2023-09-29,NUS,414.063
2023-09-29,R10,7.186
2023-09-29,R20,101.873
2023-09-29,R30,236.353
2023-09-29,R40,23.509
2023-09-29,R50,45.141
2023-10-06,NUS,424.239
2023-10-06,R10,6.836
2023-10-06,R20,102.423
2023-10-06,R30,245.69
2023-10-06,R40,23.544
2023-10-06,R50,45.746
2023-10-13,NUS,419.748
2023-10-13,R10,7.581
2023-10-13,R20,101.893
2023-10-13,R30,242.753
2023-10-13,R40,23.262
2023-10-13,R50,44.258
2023-10-20,NUS,421.12
2023-10-20,R10,7.648
2023-10-20,R20,102.642
2023-10-20,R30,242.485
2023-10-20,R40,23.409
2023-10-20,R50,44.935
2023-10-27,NUS,421.893
2023-10-27,R10,7.928
2023-10-27,R20,103.694
2023-10-27,R30,241.784
2023-10-27,R40,23.46
2023-10-27,R50,45.028
2023-11-03,NUS,435.762
2023-11-03,R10,8.727
2023-11-03,R20,103.93
2023-11-03,R30,253.217
2023-11-03,R40,23.242
2023-11-03,R50,46.646
2023-11-10,NUS,439.354
2023-11-10,R10,9.506
2023-11-10,R20,108.142
2023-11-10,R30,252.373
2023-11-10,R40,22.855
2023-11-10,R50,46.478
2023-11-17,NUS,448.054
2023-11-17,R10,8.415
2023-11-17,R20,109.221
2023-11-17,R30,257.894
2023-11-17,R40,24.195
2023-11-17,R50,48.329
2023-11-24,NUS,449.664
2023-11-24,R10,10.18
2023-11-24,R20,109.539
2023-11-24,R30,256.369
2023-11-24,R40,24.593
2023-11-24,R50,48.982
2023-12-01,NUS,445.031
2023-12-01,R10,9.306
2023-12-01,R20,110.657
2023-12-01,R30,250.711
2023-12-01,R40,24.418
2023-12-01,R50,49.939
2023-12-08,NUS,440.773
2023-12-08,R10,7.971
2023-12-08,R20,112.02
2023-12-08,R30,247.895
2023-12-08,R40,24.54
2023-12-08,R50,48.347
2023-12-15,NUS,443.682
2023-12-15,R10,7.766
2023-12-15,R20,112.682
2023-12-15,R30,248.682
2023-12-15,R40,25.076
2023-12-15,R50,49.476
2023-12-22,NUS,436.568
2023-12-22,R10,8.101
2023-12-22,R20,116.611
2023-12-22,R30,237.654
2023-12-22,R40,25.732
2023-12-22,R50,48.47
2023-12-29,NUS,431.065
2023-12-29,R10,7.107
2023-12-29,R20,116.109
2023-12-29,R30,234.662
2023-12-29,R40,25.46
2023-12-29,R50,47.728
2024-01-05,NUS,432.403
2024-01-05,R10,7.103
2024-01-05,R20,117.028
2024-01-05,R30,235.465
2024-01-05,R40,25.714
2024-01-05,R50,47.092
2024-01-12,NUS,429.911
2024-01-12,R10,7.837
2024-01-12,R20,114.063
2024-01-12,R30,235.835
2024-01-12,R40,25.131
2024-01-12,R50,47.045
2024-01-19,NUS,420.678
2024-01-19,R10,7.644
2024-01-19,R20,108.895
2024-01-19,R30,232.043
2024-01-19,R40,23.641
2024-01-19,R50,48.455
2024-01-26,NUS,421.912
2024-01-26,R10,7.631
2024-01-26,R20,107.531
2024-01-26,R30,235.139
2024-01-26,R40,23.832
2024-01-26,R50,47.778
2024-02-02,NUS,427.432
2024-02-02,R10,7.015
2024-02-02,R20,109.459
2024-02-02,R30,241.374
2024-02-02,R40,24.127
2024-02-02,R50,45.457
2024-02-09,NUS,439.45
2024-02-09,R10,7.697
2024-02-09,R20,112.278
2024-02-09,R30,248.349
2024-02-09,R40,24.26
2024-02-09,R50,46.865
2024-02-16,NUS,442.964
2024-02-16,R10,7.223
2024-02-16,R20,114.077
2024-02-16,R30,250.264
2024-02-16,R40,24.564
2024-02-16,R50,46.835
2024-02-23,NUS,447.163
2024-02-23,R10,7.532
2024-02-23,R20,116.226
2024-02-23,R30,250.413
2024-02-23,R40,24.796
2024-02-23,R50,48.196
2024-03-01,NUS,448.53
2024-03-01,R10,8.312
2024-03-01,R20,118.233
2024-03-01,R30,248.26
2024-03-01,R40,25.179
2024-03-01,R50,48.546
2024-03-08,NUS,446.994
2024-03-08,R10,8.088
2024-03-08,R20,117.343
2024-03-08,R30,248.635
2024-03-08,R40,25.805
2024-03-08,R50,47.123
2024-03-15,NUS,445.042
2024-03-15,R10,8.318
2024-03-15,R20,116.664
2024-03-15,R30,247.865
2024-03-15,R40,26.303
2024-03-15,R50,45.891
2024-03-22,NUS,448.207
2024-03-22,R10,8.756
2024-03-22,R20,119.156
2024-03-22,R30,248.32
2024-03-22,R40,26.23
2024-03-22,R50,45.744
2024-03-29,NUS,451.417
2024-03-29,R10,7.404
2024-03-29,R20,119.453
2024-03-29,R30,250.372
2024-03-29,R40,26.024
2024-03-29,R50,48.163
2024-04-05,NUS,457.258
2024-04-05,R10,7.905
2024-04-05,R20,119.887
2024-04-05,R30,257.472
2024-04-05,R40,25.812
2024-04-05,R50,46.182
2024-04-12,NUS,459.993
2024-04-12,R10,8.558
2024-04-12,R20,118.967
2024-04-12,R30,260.917
2024-04-12,R40,25.515
2024-04-12,R50,46.037
2024-04-19,NUS,453.625
2024-04-19,R10,8.348
2024-04-19,R20,119.949
2024-04-19,R30,254.8
2024-04-19,R40,25.074
2024-04-19,R50,45.455
2024-04-26,NUS,460.89
2024-04-26,R10,8.297
2024-04-26,R20,120.745
2024-04-26,R30,261.577
2024-04-26,R40,24.819
2024-04-26,R50,45.452
2024-05-03,NUS,459.528
2024-05-03,R10,8.763
2024-05-03,R20,122.414
2024-05-03,R30,259.048
2024-05-03,R40,24.988
2024-05-03,R50,44.316
2024-05-10,NUS,457.02
2024-05-10,R10,7.966
2024-05-10,R20,122.713
2024-05-10,R30,257.882
2024-05-10,R40,24.658
2024-05-10,R50,43.801
2024-05-17,NUS,458.845
2024-05-17,R10,8.408
2024-05-17,R20,120.378
2024-05-17,R30,261.506
2024-05-17,R40,24.884
2024-05-17,R50,43.67
2024-05-24,NUS,454.689
2024-05-24,R10,9.109
2024-05-24,R20,119.165
2024-05-24,R30,258.217
2024-05-24,R40,24.426
2024-05-24,R50,43.771
2024-05-31,NUS,455.922
2024-05-31,R10,8.26
2024-05-31,R20,117.361
2024-05-31,R30,260.563
2024-05-31,R40,23.928
2024-05-31,R50,45.81
2024-06-07,NUS,459.652
2024-06-07,R10,7.968
2024-06-07,R20,114.942
2024-06-07,R30,266.673
2024-06-07,R40,23.877
2024-06-07,R50,46.193
2024-06-14,NUS,457.105
2024-06-14,R10,8.374
2024-06-14,R20,117.258
2024-06-14,R30,262.256
2024-06-14,R40,24.163
2024-06-14,R50,45.054
2024-06-21,NUS,460.696
2024-06-21,R10,8.099
2024-06-21,R20,116.311
2024-06-21,R30,264.305
2024-06-21,R40,24.036
2024-06-21,R50,47.944
2024-06-28,NUS,448.539
2024-06-28,R10,8.059
2024-06-28,R20,116.029
2024-06-28,R30,257.139
2024-06-28,R40,23.4
2024-06-28,R50,43.912
2024-07-05,NUS,445.096
2024-07-05,R10,8.415
2024-07-05,R20,115.915
2024-07-05,R30,251.458
2024-07-05,R40,23.218
2024-07-05,R50,46.089
2024-07-12,NUS,440.226
2024-07-12,R10,8.408
2024-07-12,R20,113.516
2024-07-12,R30,248.53
2024-07-12,R40,22.375
2024-07-12,R50,47.396
2024-07-19,NUS,436.485
2024-07-19,R10,7.654
2024-07-19,R20,112.068
2024-07-19,R30,246.858
2024-07-19,R40,22.532
2024-07-19,R50,47.374
2024-07-26,NUS,433.049
2024-07-26,R10,7.256
2024-07-26,R20,111.018
2024-07-26,R30,242.796
2024-07-26,R40,22.925
2024-07-26,R50,49.053
2024-08-02,NUS,429.321
2024-08-02,R10,8.778
2024-08-02,R20,110.704
2024-08-02,R30,238.296
2024-08-02,R40,22.824
2024-08-02,R50,48.719
2024-08-09,NUS,430.678
2024-08-09,R10,8.632
2024-08-09,R20,108.124
2024-08-09,R30,243.861
2024-08-09,R40,22.865
2024-08-09,R50,47.196
2024-08-16,NUS,426.029
2024-08-16,R10,7.739
2024-08-16,R20,106.6
2024-08-16,R30,239.672
2024-08-16,R40,22.402
2024-08-16,R50,49.616
2024-08-23,NUS,425.183
2024-08-23,R10,8.831
2024-08-23,R20,105.131
2024-08-23,R30,240.185
2024-08-23,R40,22.093
2024-08-23,R50,48.943
2024-08-30,NUS,418.31
2024-08-30,R10,7.726
2024-08-30,R20,104.1
2024-08-30,R30,234.443
2024-08-30,R40,22.399
2024-08-30,R50,49.641
2024-09-06,NUS,419.143
2024-09-06,R10,7.909
2024-09-06,R20,101.7
2024-09-06,R30,239.001
2024-09-06,R40,21.861
2024-09-06,R50,48.673
2024-09-13,NUS,417.513
2024-09-13,R10,8.03
2024-09-13,R20,99.47
2024-09-13,R30,240.751
2024-09-13,R40,22.106
2024-09-13,R50,47.155
2024-09-20,NUS,413.042
2024-09-20,R10,8.086
2024-09-20,R20,102.358
2024-09-20,R30,234.545
2024-09-20,R40,21.955
2024-09-20,R50,46.096
2024-09-27,NUS,416.931
2024-09-27,R10,8.721
2024-09-27,R20,103.44
2024-09-27,R30,237.011
2024-09-27,R40,22.584
2024-09-27,R50,45.175
2024-10-04,NUS,422.741
2024-10-04,R10,7.81
2024-10-04,R20,106.201
2024-10-04,R30,239.934
2024-10-04,R40,22.121
2024-10-04,R50,46.675
2024-10-11,NUS,420.55
2024-10-11,R10,8.332
2024-10-11,R20,105.17
2024-10-11,R30,239.936
2024-10-11,R40,22.099
2024-10-11,R50,45.013
2024-10-18,NUS,426.024
2024-10-18,R10,8.075
2024-10-18,R20,104.285
2024-10-18,R30,244.312
2024-10-18,R40,22.094
2024-10-18,R50,47.258
2024-10-25,NUS,425.509
2024-10-25,R10,8.026
2024-10-25,R20,105.627
2024-10-25,R30,241.561
2024-10-25,R40,22.234
2024-10-25,R50,48.061
2024-11-01,NUS,427.658
2024-11-01,R10,7.753
2024-11-01,R20,106.661
2024-11-01,R30,243.727
2024-11-01,R40,22.767
2024-11-01,R50,46.749
2024-11-08,NUS,429.747
2024-11-08,R10,7.683
2024-11-08,R20,106.095
2024-11-08,R30,246.198
2024-11-08,R40,23.612
2024-11-08,R50,46.159
2024-11-15,NUS,430.292
2024-11-15,R10,8.085
2024-11-15,R20,107.899
2024-11-15,R30,242.129
2024-11-15,R40,23.789
2024-11-15,R50,48.39
2024-11-22,NUS,428.448
2024-11-22,R10,8.845
2024-11-22,R20,107.379
2024-11-22,R30,240.549
2024-11-22,R40,24.009
2024-11-22,R50,47.665
2024-11-29,NUS,423.375
2024-11-29,R10,8.551
2024-11-29,R20,107.74
2024-11-29,R30,235.574
2024-11-29,R40,23.824
2024-11-29,R50,47.686
2024-12-06,NUS,421.95
2024-12-06,R10,7.963
2024-12-06,R20,105.033
2024-12-06,R30,235.093
2024-12-06,R40,24.287
2024-12-06,R50,49.574
2024-12-13,NUS,421.016
2024-12-13,R10,7.508
2024-12-13,R20,105.135
2024-12-13,R30,233.38
2024-12-13,R40,24.306
2024-12-13,R50,50.687
2024-12-20,NUS,416.779
2024-12-20,R10,8.054
2024-12-20,R20,103.911
2024-12-20,R30,231.481
2024-12-20,R40,24.292
2024-12-20,R50,49.04
2024-12-27,NUS,415.601
2024-12-27,R10,8.301
2024-12-27,R20,105.114
2024-12-27,R30,227.521
2024-12-27,R40,24.395
2024-12-27,R50,50.269
2025-01-03,NUS,414.642
2025-01-03,R10,7.817
2025-01-03,R20,103.24
2025-01-03,R30,232.423
2025-01-03,R40,24.389
2025-01-03,R50,46.773
2025-01-10,NUS,412.68
2025-01-10,R10,7.188
2025-01-10,R20,102.283
2025-01-10,R30,230.322
2025-01-10,R40,24.451
2025-01-10,R50,48.436
2025-01-17,NUS,411.663
2025-01-17,R10,7.802
2025-01-17,R20,102.56
2025-01-17,R30,228.158
2025-01-17,R40,24.513
2025-01-17,R50,48.63
2025-01-24,NUS,415.126
2025-01-24,R10,7.124
2025-01-24,R20,102.791
2025-01-24,R30,232.386
2025-01-24,R40,23.912
2025-01-24,R50,48.914
2025-01-31,NUS,423.79
2025-01-31,R10,8.467
2025-01-31,R20,102.953
2025-01-31,R30,238.999
2025-01-31,R40,24.359
2025-01-31,R50,49.012
2025-02-07,NUS,427.86
2025-02-07,R10,8.524
2025-02-07,R20,102.709
2025-02-07,R30,243.498
2025-02-07,R40,24.728
2025-02-07,R50,48.401
2025-02-14,NUS,432.493
2025-02-14,R10,8.036
2025-02-14,R20,105.837
2025-02-14,R30,247.315
2025-02-14,R40,24.705
2025-02-14,R50,46.6
2025-02-21,NUS,430.161
2025-02-21,R10,6.906
2025-02-21,R20,107.368
2025-02-21,R30,243.233
2025-02-21,R40,24.568
2025-02-21,R50,48.086
2025-02-28,NUS,433.775
2025-02-28,R10,8.172
2025-02-28,R20,109.676
2025-02-28,R30,244.787
2025-02-28,R40,24.62
2025-02-28,R50,46.52
2025-03-07,NUS,435.223
2025-03-07,R10,8.606
2025-03-07,R20,107.788
2025-03-07,R30,248.775
2025-03-07,R40,24.416
2025-03-07,R50,45.639
2025-03-14,NUS,436.968
2025-03-14,R10,8.421
2025-03-14,R20,105.471
2025-03-14,R30,252.319
2025-03-14,R40,24.712
2025-03-14,R50,46.045
2025-03-21,NUS,433.627
2025-03-21,R10,8.305
2025-03-21,R20,105.462
2025-03-21,R30,248.926
2025-03-21,R40,24.572
2025-03-21,R50,46.363
2025-03-28,NUS,439.792
2025-03-28,R10,8.21
2025-03-28,R20,108.607
2025-03-28,R30,250.622
2025-03-28,R40,24.115
2025-03-28,R50,48.239
2025-04-04,NUS,442.345
2025-04-04,R10,8.258
2025-04-04,R20,108.839
2025-04-04,R30,254.321
2025-04-04,R40,24.14
2025-04-04,R50,46.786
2025-04-11,NUS,442.86
2025-04-11,R10,7.876
2025-04-11,R20,107.613
2025-04-11,R30,254.405
2025-04-11,R40,24.337
2025-04-11,R50,48.628
2025-04-18,NUS,443.104
2025-04-18,R10,8.466
2025-04-18,R20,108.349
2025-04-18,R30,253.391
2025-04-18,R40,24.534
2025-04-18,R50,48.364
2025-04-25,NUS,440.408
2025-04-25,R10,8.618
2025-04-25,R20,108.396
2025-04-25,R30,249.716
2025-04-25,R40,24.394
2025-04-25,R50,49.284
2025-05-02,NUS,438.376
2025-05-02,R10,8.659
2025-05-02,R20,108.299
2025-05-02,R30,249.426
2025-05-02,R40,24.642
2025-05-02,R50,47.35
2025-05-09,NUS,441.83
2025-05-09,R10,7.979
2025-05-09,R20,107.271
2025-05-09,R30,251.322
2025-05-09,R40,24.76
2025-05-09,R50,50.498
2025-05-16,NUS,443.158
2025-05-16,R10,8.623
2025-05-16,R20,106.531
2025-05-16,R30,251.324
2025-05-16,R40,25.162
2025-05-16,R50,51.517
2025-05-23,NUS,440.363
2025-05-23,R10,8.738
2025-05-23,R20,107.336
2025-05-23,R30,248.248
2025-05-23,R40,24.804
2025-05-23,R50,51.236
2025-05-30,NUS,436.059
2025-05-30,R10,8.221
2025-05-30,R20,107.519
2025-05-30,R30,245.104
2025-05-30,R40,24.802
2025-05-30,R50,50.413
2025-06-06,NUS,432.415
2025-06-06,R10,9.468
2025-06-06,R20,105.372
2025-06-06,R30,242.627
2025-06-06,R40,24.6
2025-06-06,R50,50.348
2025-06-13,NUS,420.942
2025-06-13,R10,9.291
2025-06-13,R20,102.873
2025-06-13,R30,234.87
2025-06-13,R40,23.815
2025-06-13,R50,50.094
2025-06-20,NUS,415.106
2025-06-20,R10,9.091
2025-06-20,R20,102.262
2025-06-20,R30,229.864
2025-06-20,R40,23.845
2025-06-20,R50,50.045
2025-06-27,NUS,418.951
2025-06-27,R10,8.901
2025-06-27,R20,102.975
2025-06-27,R30,234.906
2025-06-27,R40,23.421
2025-06-27,R50,48.748
2025-07-04,NUS,426.021
2025-07-04,R10,9.186
2025-07-04,R20,102.552
2025-07-04,R30,240.749
2025-07-04,R40,24.235
2025-07-04,R50,49.299
2025-07-11,NUS,422.162
2025-07-11,R10,9.366
2025-07-11,R20,101.538
2025-07-11,R30,238.774
2025-07-11,R40,23.898
2025-07-11,R50,48.586
2025-07-18,NUS,418.993
2025-07-18,R10,8.694
2025-07-18,R20,102.74
2025-07-18,R30,237.802
2025-07-18,R40,23.083
2025-07-18,R50,46.675
2025-07-25,NUS,426.691
2025-07-25,R10,8.317
2025-07-25,R20,103.562
2025-07-25,R30,243.85
2025-07-25,R40,23.052
2025-07-25,R50,47.91
2025-08-01,NUS,423.662
2025-08-01,R10,8.498
2025-08-01,R20,103.86
2025-08-01,R30,242.232
2025-08-01,R40,22.764
2025-08-01,R50,46.307
2025-08-08,NUS,426.698
2025-08-08,R10,8.637
2025-08-08,R20,102.355
2025-08-08,R30,248.448
2025-08-08,R40,22.817
2025-08-08,R50,44.443
2025-08-15,NUS,420.684
2025-08-15,R10,8.523
2025-08-15,R20,104.097
2025-08-15,R30,240.911
2025-08-15,R40,22.424
2025-08-15,R50,44.729
2025-08-22,NUS,418.292
2025-08-22,R10,7.982
2025-08-22,R20,103.664
2025-08-22,R30,239.758
2025-08-22,R40,21.872
2025-08-22,R50,45.017
2025-08-29,NUS,420.707
2025-08-29,R10,7.691
2025-08-29,R20,105.793
2025-08-29,R30,239.388
2025-08-29,R40,22.187
2025-08-29,R50,45.648
2025-09-05,NUS,424.646
2025-09-05,R10,7.182
2025-09-05,R20,104.131
2025-09-05,R30,244.88
2025-09-05,R40,22.576
2025-09-05,R50,45.877
2025-09-12,NUS,415.361
2025-09-12,R10,7.373
2025-09-12,R20,102.954
2025-09-12,R30,237.426
2025-09-12,R40,22.588
2025-09-12,R50,45.019
2025-09-19,NUS,414.754
2025-09-19,R10,8.005
2025-09-19,R20,103.239
2025-09-19,R30,234.311
2025-09-19,R40,22.736
2025-09-19,R50,46.462
2025-09-26,NUS,416.546
2025-09-26,R10,7.01
2025-09-26,R20,101.583
2025-09-26,R30,238.342
2025-09-26,R40,22.819
2025-09-26,R50,46.792
2025-10-03,NUS,420.261
2025-10-03,R10,6.658
2025-10-03,R20,100.714
2025-10-03,R30,244.467
2025-10-03,R40,22.441
2025-10-03,R50,45.981
2025-10-10,NUS,423.785
2025-10-10,R10,8.089
2025-10-10,R20,102.024
2025-10-10,R30,244.582
2025-10-10,R40,23.102
2025-10-10,R50,45.988
2025-10-17,NUS,422.824
2025-10-17,R10,7.633
2025-10-17,R20,101.606
2025-10-17,R30,244.299
2025-10-17,R40,23.513
2025-10-17,R50,45.773
2025-10-24,NUS,415.966
2025-10-24,R10,8.063
2025-10-24,R20,103.747
2025-10-24,R30,234.313
2025-10-24,R40,23.361
2025-10-24,R50,46.482
2025-10-31,NUS,421.168
2025-10-31,R10,8.119
2025-10-31,R20,104.511
2025-10-31,R30,237.478
2025-10-31,R40,23.627
2025-10-31,R50,47.434
2025-11-07,NUS,427.581
2025-11-07,R10,8.303
2025-11-07,R20,103.925
2025-11-07,R30,243.315
2025-11-07,R40,24.51
2025-11-07,R50,47.527
2025-11-14,NUS,424.155
2025-11-14,R10,8.436
2025-11-14,R20,102.115
2025-11-14,R30,241.257
2025-11-14,R40,24.602
2025-11-14,R50,47.745
2025-11-21,NUS,426.929
2025-11-21,R10,7.325
2025-11-21,R20,100.905
2025-11-21,R30,247.021
2025-11-21,R40,24.617
2025-11-21,R50,47.062
2025-11-28,NUS,427.503
2025-11-28,R10,8.464
2025-11-28,R20,100.96
2025-11-28,R30,246.544
2025-11-28,R40,25.004
2025-11-28,R50,46.531
2025-12-05,NUS,425.691
2025-12-05,R10,7.906
2025-12-05,R20,102.046
2025-12-05,R30,242.806
2025-12-05,R40,25.084
2025-12-05,R50,47.85
2025-12-12,NUS,424.417
2025-12-12,R10,7.799
2025-12-12,R20,102.092
2025-12-12,R30,241.716
2025-12-12,R40,25.195
2025-12-12,R50,47.615
2025-12-19,NUS,424.822
2025-12-19,R10,7.395
2025-12-19,R20,104.349
2025-12-19,R30,241.062
2025-12-19,R40,24.74
2025-12-19,R50,47.277
2025-12-26,NUS,422.888
2025-12-26,R10,7.238
2025-12-26,R20,105.197
2025-12-26,R30,238.177
2025-12-26,R40,24.742
2025-12-26,R50,47.534
2026-01-02,NUS,419.056
2026-01-02,R10,6.885
2026-01-02,R20,105.198
2026-01-02,R30,235.616
2026-01-02,R40,24.408
2026-01-02,R50,46.95
2026-01-09,NUS,422.447
2026-01-09,R10,7.06
2026-01-09,R20,106.631
2026-01-09,R30,237.779
2026-01-09,R40,24.527
2026-01-09,R50,46.45
2026-01-16,NUS,426.049
2026-01-16,R10,6.84
2026-01-16,R20,108.512
2026-01-16,R30,238.044
2026-01-16,R40,24.756
2026-01-16,R50,47.898
2026-01-23,NUS,423.754
2026-01-23,R10,7.274
2026-01-23,R20,108.036
2026-01-23,R30,237.891
2026-01-23,R40,23.712
2026-01-23,R50,46.841
2026-01-30,NUS,420.299
2026-01-30,R10,7.166
2026-01-30,R20,105.757
2026-01-30,R30,236.562
2026-01-30,R40,23.724
2026-01-30,R50,47.09
2026-02-06,NUS,428.829
2026-02-06,R10,7.949
2026-02-06,R20,106.469
2026-02-06,R30,242.4
2026-02-06,R40,23.938
2026-02-06,R50,48.073
2026-02-13,NUS,419.815
2026-02-13,R10,7.457
2026-02-13,R20,106.512
2026-02-13,R30,234.299
2026-02-13,R40,23.895
2026-02-13,R50,47.652
2026-02-20,NUS,435.804
2026-02-20,R10,8.31
2026-02-20,R20,107.242
2026-02-20,R30,248.22
2026-02-20,R40,24.018
2026-02-20,R50,48.014
2026-02-27,NUS,439.279
2026-02-27,R10,9.081
2026-02-27,R20,108.282
2026-02-27,R30,250.446
2026-02-27,R40,24.424
2026-02-27,R50,47.047
2026-03-06,NUS,443.103
2026-03-06,R10,8.039
2026-03-06,R20,109.038
2026-03-06,R30,257.352
2026-03-06,R40,24.463
2026-03-06,R50,44.212
2026-03-13,NUS,449.259
2026-03-13,R10,8.355
2026-03-13,R20,109.954
2026-03-13,R30,260.245
2026-03-13,R40,25.155
2026-03-13,R50,45.55
2026-03-20,NUS,456.185
2026-03-20,R10,8.683
2026-03-20,R20,112.451
2026-03-20,R30,265.907
2026-03-20,R40,25.235
2026-03-20,R50,43.908
2026-03-27,NUS,461.636
2026-03-27,R10,8.054
2026-03-27,R20,113.989
2026-03-27,R30,268.607
2026-03-27,R40,25.508
2026-03-27,R50,45.477
2026-04-03,NUS,464.717
2026-04-03,R10,8.265
2026-04-03,R20,114.611
2026-04-03,R30,271.274
2026-04-03,R40,25.371
2026-04-03,R50,45.196
2026-04-10,NUS,463.804
2026-04-10,R10,7.712
2026-04-10,R20,112.387
2026-04-10,R30,271.014
2026-04-10,R40,25.816
2026-04-10,R50,46.875
2026-04-17,NUS,465.729
2026-04-17,R10,7.855
2026-04-17,R20,113.834
2026-04-17,R30,272.136
2026-04-17,R40,26.252
2026-04-17,R50,45.651
2026-04-24,NUS,459.495
2026-04-24,R10,7.609
2026-04-24,R20,114.403
2026-04-24,R30,266.087
2026-04-24,R40,26.1
2026-04-24,R50,45.297
2026-05-01,NUS,457.182
2026-05-01,R10,8.462
2026-05-01,R20,112.064
2026-05-01,R30,264.101
2026-05-01,R40,25.852
2026-05-01,R50,46.703
2026-05-08,NUS,452.876
2026-05-08,R10,7.692
2026-05-08,R20,111.215
2026-05-08,R30,263.16
2026-05-08,R40,25.557
2026-05-08,R50,45.252
2026-05-15,NUS,445.013
2026-05-15,R10,7.683
2026-05-15,R20,108.509
2026-05-15,R30,259.165
2026-05-15,R40,25.849
2026-05-15,R50,43.807
2026-05-22,NUS,441.686
2026-05-22,R10,8.6
2026-05-22,R20,103.794
2026-05-22,R30,259.157
2026-05-22,R40,25.428
2026-05-22,R50,44.708
2026-05-29,NUS,433.712
2026-05-29,R10,8.137
2026-05-29,R20,102.952
2026-05-29,R30,252.5
2026-05-29,R40,24.397
2026-05-29,R50,45.726
2026-06-05,NUS,426.485
2026-06-05,R10,7.816
2026-06-05,R20,102.314
2026-06-05,R30,248.644
2026-06-05,R40,23.858
2026-06-05,R50,43.853
2026-06-12,NUS,418.222
2026-06-12,R10,7.892
2026-06-12,R20,97.804
2026-06-12,R30,243.814
2026-06-12,R40,23.512
2026-06-12,R50,45.2
