date,duoarea,value_mmbbl,seasonal_lo,seasonal_hi,pct_of_range
2025-06-13,NUS,420.942,418.328,540.722,2.1
2025-06-13,R10,9.291,7.326,12.525,37.8
2025-06-13,R20,102.873,102.239,137.978,1.8
2025-06-13,R30,234.87,236.963,307.996,-2.9
2025-06-13,R40,23.815,23.877,26.074,-2.8
2025-06-13,R50,50.094,45.054,56.751,43.1
2025-06-20,NUS,415.106,415.566,540.722,-0.4
2025-06-20,R10,9.091,7.457,12.525,32.2
2025-06-20,R20,102.262,100.948,137.978,3.5
2025-06-20,R30,229.864,236.152,307.996,-8.8
2025-06-20,R40,23.845,23.636,25.608,10.6
2025-06-20,R50,50.045,45.054,56.751,42.7
2025-06-27,NUS,418.951,415.566,540.722,2.7
2025-06-27,R10,8.901,7.518,12.525,27.6
2025-06-27,R20,102.975,100.948,137.942,5.5
2025-06-27,R30,234.906,236.152,309.016,-1.7
2025-06-27,R40,23.421,23.4,25.627,0.9
2025-06-27,R50,48.748,43.912,56.751,37.7
2025-07-04,NUS,426.021,423.8,539.181,1.9
2025-07-04,R10,9.186,6.931,13.064,36.8
2025-07-04,R20,102.552,103.181,137.174,-1.9
2025-07-04,R30,240.749,236.498,309.016,5.9
2025-07-04,R40,24.235,23.218,25.627,42.2
2025-07-04,R50,49.299,43.912,56.214,43.8
2025-07-11,NUS,422.162,426.609,539.181,-4.0
2025-07-11,R10,9.366,6.931,13.22,38.7
2025-07-11,R20,101.538,103.341,137.504,-5.3
2025-07-11,R30,238.774,236.498,309.016,3.1
2025-07-11,R40,23.898,22.375,25.627,46.8
2025-07-11,R50,48.586,46.089,56.214,24.7
2025-07-18,NUS,418.993,422.086,536.58,-2.7
2025-07-18,R10,8.694,7.458,13.22,21.5
2025-07-18,R20,102.74,104.288,139.735,-4.4
2025-07-18,R30,237.802,238.398,305.969,-0.9
2025-07-18,R40,23.083,22.375,25.581,22.1
2025-07-18,R50,46.675,45.229,54.75,15.2
2025-07-25,NUS,426.691,422.086,536.58,4.0
2025-07-25,R10,8.317,7.256,13.22,17.8
2025-07-25,R20,103.562,104.288,140.217,-2.0
2025-07-25,R30,243.85,237.682,305.969,9.0
2025-07-25,R40,23.052,22.532,25.412,18.1
2025-07-25,R50,47.91,45.044,54.476,30.4
2025-08-01,NUS,423.662,426.553,525.969,-2.9
2025-08-01,R10,8.498,7.256,12.669,22.9
2025-08-01,R20,103.86,107.751,142.39,-11.2
2025-08-01,R30,242.232,237.682,295.507,7.9
2025-08-01,R40,22.764,22.824,25.364,-2.4
2025-08-01,R50,46.307,45.044,53.875,14.3
2025-08-08,NUS,426.698,424.954,518.596,1.9
2025-08-08,R10,8.637,7.882,11.975,18.4
2025-08-08,R20,102.355,108.124,142.39,-16.8
2025-08-08,R30,248.448,234.876,288.121,25.5
2025-08-08,R40,22.817,22.824,25.364,-0.3
2025-08-08,R50,44.443,45.372,54.417,-10.3
2025-08-15,NUS,420.684,421.672,514.084,-1.1
2025-08-15,R10,8.523,7.04,11.765,31.4
2025-08-15,R20,104.097,106.6,142.39,-7.0
2025-08-15,R30,240.911,233.14,281.416,16.1
2025-08-15,R40,22.424,22.402,25.364,0.7
2025-08-15,R50,44.729,45.156,54.417,-4.6
2025-08-22,NUS,418.292,418.346,512.452,-0.1
2025-08-22,R10,7.982,6.736,12.019,23.6
2025-08-22,R20,103.664,105.131,141.833,-4.0
2025-08-22,R30,239.758,230.6,279.175,18.9
2025-08-22,R40,21.872,22.093,25.265,-7.0
2025-08-22,R50,45.017,45.156,54.417,-1.5
2025-08-29,NUS,420.707,416.637,507.763,4.5
2025-08-29,R10,7.691,6.736,12.156,17.6
2025-08-29,R20,105.793,104.1,141.323,4.5
2025-08-29,R30,239.388,228.007,276.721,23.4
2025-08-29,R40,22.187,22.093,25.265,3.0
2025-08-29,R50,45.648,45.528,54.366,1.4
2025-09-05,NUS,424.646,416.637,500.434,9.6
2025-09-05,R10,7.182,6.938,12.156,4.7
2025-09-05,R20,104.131,101.7,141.098,6.2
2025-09-05,R30,244.88,224.156,269.394,45.8
2025-09-05,R40,22.576,21.861,24.587,26.2
2025-09-05,R50,45.877,45.528,54.366,3.9
2025-09-12,NUS,415.361,413.964,500.434,1.6
2025-09-12,R10,7.373,7.174,12.156,4.0
2025-09-12,R20,102.954,99.47,141.098,8.4
2025-09-12,R30,237.426,223.902,269.394,29.7
2025-09-12,R40,22.588,21.861,23.954,34.7
2025-09-12,R50,45.019,46.102,54.366,-13.1
2025-09-19,NUS,414.754,413.042,496.045,2.1
2025-09-19,R10,8.005,6.791,12.075,23.0
2025-09-19,R20,103.239,99.47,143.316,8.6
2025-09-19,R30,234.311,223.902,266.618,24.4
2025-09-19,R40,22.736,21.955,23.88,40.6
2025-09-19,R50,46.462,45.139,54.325,14.4
2025-09-26,NUS,416.546,413.042,494.406,4.3
2025-09-26,R10,7.01,6.791,11.434,4.7
2025-09-26,R20,101.583,101.873,143.316,-0.7
2025-09-26,R30,238.342,227.77,265.0,28.4
2025-09-26,R40,22.819,21.955,23.694,49.7
2025-09-26,R50,46.792,45.139,54.325,18.0
2025-10-03,NUS,420.261,414.063,492.927,7.9
2025-10-03,R10,6.658,6.836,11.919,-3.5
2025-10-03,R20,100.714,101.873,144.749,-2.7
2025-10-03,R30,244.467,227.843,263.512,46.6
2025-10-03,R40,22.441,22.121,23.738,19.8
2025-10-03,R50,45.981,45.141,53.957,9.5
2025-10-10,NUS,423.785,419.748,492.927,5.5
2025-10-10,R10,8.089,6.836,11.919,24.7
2025-10-10,R20,102.024,101.893,146.848,0.3
2025-10-10,R30,244.582,236.857,261.453,31.4
2025-10-10,R40,23.102,22.099,23.738,61.2
2025-10-10,R50,45.988,44.258,53.957,17.8
2025-10-17,NUS,422.824,419.748,492.427,4.2
2025-10-17,R10,7.633,7.581,11.919,1.2
2025-10-17,R20,101.606,101.893,146.848,-0.6
2025-10-17,R30,244.299,238.768,261.179,24.7
2025-10-17,R40,23.513,22.094,23.738,86.3
2025-10-17,R50,45.773,44.258,52.369,18.7
2025-10-24,NUS,415.966,421.12,492.427,-7.2
2025-10-24,R10,8.063,7.644,10.737,13.5
2025-10-24,R20,103.747,102.642,146.848,2.5
2025-10-24,R30,234.313,241.561,261.179,-36.9
2025-10-24,R40,23.361,22.094,23.624,82.8
2025-10-24,R50,46.482,44.935,51.892,22.2
2025-10-31,NUS,421.168,421.893,492.427,-1.0
2025-10-31,R10,8.119,7.644,10.737,15.4
2025-10-31,R20,104.511,103.694,146.595,1.9
2025-10-31,R30,237.478,241.561,261.179,-20.8
2025-10-31,R40,23.627,22.234,24.622,58.3
2025-10-31,R50,47.434,45.028,51.548,36.9
2025-11-07,NUS,427.581,427.658,489.475,-0.1
2025-11-07,R10,8.303,7.683,10.358,23.2
2025-11-07,R20,103.925,103.93,148.156,-0.0
2025-11-07,R30,243.315,242.578,260.801,4.0
2025-11-07,R40,24.51,22.767,24.622,94.0
2025-11-07,R50,47.527,45.74,51.147,33.0
2025-11-14,NUS,424.155,429.747,489.475,-9.4
2025-11-14,R10,8.436,7.683,10.274,29.1
2025-11-14,R20,102.115,106.095,148.156,-9.5
2025-11-14,R30,241.257,239.96,262.822,5.7
2025-11-14,R40,24.602,22.855,24.879,86.3
2025-11-14,R50,47.745,45.244,50.602,46.7
2025-11-21,NUS,426.929,419.084,489.475,11.1
2025-11-21,R10,7.325,7.993,10.489,-26.8
2025-11-21,R20,100.905,106.493,148.156,-13.4
2025-11-21,R30,247.021,230.132,262.822,51.7
2025-11-21,R40,24.617,23.563,25.038,71.5
2025-11-21,R50,47.062,44.561,50.602,41.4
2025-11-28,NUS,427.503,413.898,503.231,15.2
2025-11-28,R10,8.464,7.181,10.611,37.4
2025-11-28,R20,100.96,105.775,146.859,-11.7
2025-11-28,R30,246.544,226.512,273.963,42.2
2025-11-28,R40,25.004,23.563,25.038,97.7
2025-11-28,R50,46.531,44.561,50.038,36.0
2025-12-05,NUS,425.691,413.898,503.231,13.2
2025-12-05,R10,7.906,7.181,11.553,16.6
2025-12-05,R20,102.046,105.033,146.859,-7.1
2025-12-05,R30,242.806,226.512,273.963,34.3
2025-12-05,R40,25.084,23.824,24.789,130.6
2025-12-05,R50,47.85,44.561,49.939,61.2
2025-12-12,NUS,424.417,418.234,503.231,7.3
2025-12-12,R10,7.799,7.508,11.553,7.2
2025-12-12,R20,102.092,105.033,146.74,-7.1
2025-12-12,R30,241.716,230.703,273.963,25.5
2025-12-12,R40,25.195,24.114,25.076,112.4
2025-12-12,R50,47.615,45.667,50.687,38.8
2025-12-19,NUS,424.822,416.779,500.096,9.7
2025-12-19,R10,7.395,7.508,11.553,-2.8
2025-12-19,R20,104.349,103.911,146.858,1.0
2025-12-19,R30,241.062,226.538,272.147,31.8
2025-12-19,R40,24.74,24.119,25.732,38.5
2025-12-19,R50,47.277,45.667,50.687,32.1
2025-12-26,NUS,422.888,415.601,499.534,8.7
2025-12-26,R10,7.238,7.107,10.831,3.5
2025-12-26,R20,105.197,103.911,146.858,3.0
2025-12-26,R30,238.177,223.066,272.147,30.8
2025-12-26,R40,24.742,23.835,25.732,47.8
2025-12-26,R50,47.534,45.303,50.269,44.9
2026-01-02,NUS,419.056,413.298,485.459,8.0
2026-01-02,R10,6.885,7.103,10.323,-6.8
2026-01-02,R20,105.198,103.24,146.489,4.5
2026-01-02,R30,235.616,220.327,258.63,39.9
2026-01-02,R40,24.408,23.223,25.714,47.6
2026-01-02,R50,46.95,46.212,48.064,39.8
2026-01-09,NUS,422.447,412.68,486.563,13.2
2026-01-09,R10,7.06,6.724,11.64,6.8
2026-01-09,R20,106.631,102.283,144.059,10.4
2026-01-09,R30,237.779,220.327,263.05,40.8
2026-01-09,R40,24.527,23.223,25.714,52.3
2026-01-09,R50,46.45,46.212,48.797,9.2
2026-01-16,NUS,426.049,411.663,486.563,19.2
2026-01-16,R10,6.84,6.724,11.64,2.4
2026-01-16,R20,108.512,102.283,139.652,16.7
2026-01-16,R30,238.044,222.516,263.05,38.3
2026-01-16,R40,24.756,23.184,25.131,80.7
2026-01-16,R50,47.898,46.675,48.953,53.7
2026-01-23,NUS,423.754,411.663,476.653,18.6
2026-01-23,R10,7.274,6.893,11.3,8.6
2026-01-23,R20,108.036,102.56,136.977,15.9
2026-01-23,R30,237.891,222.172,256.623,45.6
2026-01-23,R40,23.712,23.184,25.053,28.3
2026-01-23,R50,46.841,46.675,49.91,5.1
2026-01-30,NUS,420.299,410.387,475.659,15.2
2026-01-30,R10,7.166,7.015,11.125,3.7
2026-01-30,R20,105.757,102.791,135.522,9.1
2026-01-30,R30,236.562,220.652,255.583,45.5
2026-01-30,R40,23.724,23.425,25.008,18.9
2026-01-30,R50,47.09,45.457,50.203,34.4
2026-02-06,NUS,428.829,410.387,471.394,30.2
2026-02-06,R10,7.949,6.889,10.153,32.5
2026-02-06,R20,106.469,102.709,134.589,11.8
2026-02-06,R30,242.4,220.652,263.081,51.3
2026-02-06,R40,23.938,23.452,24.841,35.0
2026-02-06,R50,48.073,45.457,50.203,55.1
2026-02-13,NUS,419.815,411.508,479.041,12.3
2026-02-13,R10,7.457,6.889,10.153,17.4
2026-02-13,R20,106.512,102.709,133.989,12.2
2026-02-13,R30,234.299,224.809,267.926,22.0
2026-02-13,R40,23.895,23.04,25.249,38.7
2026-02-13,R50,47.652,46.6,50.715,25.6
2026-02-20,NUS,435.804,413.425,484.605,31.4
2026-02-20,R10,8.31,6.906,8.851,72.2
2026-02-20,R20,107.242,101.872,135.062,16.2
2026-02-20,R30,248.22,229.772,267.926,48.4
2026-02-20,R40,24.018,22.93,25.249,46.9
2026-02-20,R50,48.014,46.6,52.086,25.8
2026-02-27,NUS,439.279,411.562,498.403,31.9
2026-02-27,R10,9.081,6.655,8.851,110.5
2026-02-27,R20,108.282,100.834,135.062,21.8
2026-02-27,R30,250.446,229.255,282.92,39.5
2026-02-27,R40,24.424,22.513,25.179,71.7
2026-02-27,R50,47.047,46.52,52.086,9.5
2026-03-06,NUS,443.103,411.562,500.799,35.3
2026-03-06,R10,8.039,6.565,8.606,72.2
2026-03-06,R20,109.038,100.834,133.774,24.9
2026-03-06,R30,257.352,229.255,288.181,47.7
2026-03-06,R40,24.463,22.513,25.805,59.2
2026-03-06,R50,44.212,45.639,50.928,-27.0
2026-03-13,NUS,449.259,413.399,502.711,40.2
2026-03-13,R10,8.355,6.53,8.717,83.4
2026-03-13,R20,109.954,101.01,132.155,28.7
2026-03-13,R30,260.245,228.052,293.566,49.1
2026-03-13,R40,25.155,22.155,26.303,72.3
2026-03-13,R50,45.55,45.639,51.096,-1.6
2026-03-20,NUS,456.185,409.95,502.711,49.8
2026-03-20,R10,8.683,6.53,8.756,96.7
2026-03-20,R20,112.451,102.399,130.86,35.3
2026-03-20,R30,265.907,225.541,294.428,58.6
2026-03-20,R40,25.235,22.155,26.303,74.3
2026-03-20,R50,43.908,45.744,51.096,-34.3
2026-03-27,NUS,461.636,409.95,501.835,56.3
2026-03-27,R10,8.054,6.853,8.756,63.1
2026-03-27,R20,113.989,102.399,129.442,42.9
2026-03-27,R30,268.607,225.541,294.428,62.5
2026-03-27,R40,25.508,23.173,26.23,76.4
2026-03-27,R50,45.477,45.744,49.988,-6.3
2026-04-03,NUS,464.717,412.371,498.313,60.9
2026-04-03,R10,8.265,7.045,8.324,95.4
2026-04-03,R20,114.611,105.444,130.466,36.6
2026-04-03,R30,271.274,227.705,290.268,69.6
2026-04-03,R40,25.371,23.263,26.024,76.3
2026-04-03,R50,45.196,46.171,50.217,-24.1
2026-04-10,NUS,463.804,413.733,493.017,63.2
2026-04-10,R10,7.712,7.264,8.558,34.6
2026-04-10,R20,112.387,105.845,130.466,26.6
2026-04-10,R30,271.014,229.068,285.061,74.9
2026-04-10,R40,25.816,23.831,25.812,100.2
2026-04-10,R50,46.875,46.037,50.217,20.0
2026-04-17,NUS,465.729,413.733,493.107,65.5
2026-04-17,R10,7.855,7.264,9.471,26.8
2026-04-17,R20,113.834,105.845,132.393,30.1
2026-04-17,R30,272.136,228.329,285.061,77.2
2026-04-17,R40,26.252,23.718,25.515,141.0
2026-04-17,R50,45.651,45.455,50.312,4.0
2026-04-24,NUS,459.495,414.424,493.107,57.3
2026-04-24,R10,7.609,7.476,9.471,6.7
2026-04-24,R20,114.403,105.511,134.269,30.9
2026-04-24,R30,266.087,228.329,279.994,73.1
2026-04-24,R40,26.1,23.083,25.48,125.9
2026-04-24,R50,45.297,45.452,51.73,-2.5
2026-05-01,NUS,457.182,415.727,485.117,59.7
2026-05-01,R10,8.462,6.71,9.289,67.9
2026-05-01,R20,112.064,105.511,134.269,22.8
2026-05-01,R30,264.101,231.835,271.464,81.4
2026-05-01,R40,25.852,23.083,26.807,74.4
2026-05-01,R50,46.703,44.316,53.28,26.6
2026-05-08,NUS,452.876,420.82,486.011,49.2
2026-05-08,R10,7.692,6.71,9.289,38.1
2026-05-08,R20,111.215,106.061,134.497,18.1
2026-05-08,R30,263.16,233.928,272.349,76.1
2026-05-08,R40,25.557,23.616,27.397,51.3
2026-05-08,R50,45.252,43.801,53.28,15.3
2026-05-15,NUS,445.013,419.801,486.011,38.1
2026-05-15,R10,7.683,7.943,9.338,-18.6
2026-05-15,R20,108.509,104.726,134.497,12.7
2026-05-15,R30,259.165,234.077,272.349,65.6
2026-05-15,R40,25.849,23.924,27.397,55.4
2026-05-15,R50,43.807,43.67,52.589,1.5
2026-05-22,NUS,441.686,414.733,484.349,38.7
2026-05-22,R10,8.6,7.943,9.35,46.7
2026-05-22,R20,103.794,104.726,133.395,-3.3
2026-05-22,R30,259.157,227.393,270.447,73.8
2026-05-22,R40,25.428,24.381,26.775,43.7
2026-05-22,R50,44.708,43.67,52.703,11.5
2026-05-29,NUS,433.712,414.733,479.27,29.4
2026-05-29,R10,8.137,7.415,9.35,37.3
2026-05-29,R20,102.952,103.774,133.395,-2.8
2026-05-29,R30,252.5,227.393,264.809,67.1
2026-05-29,R40,24.397,23.928,26.668,17.1
2026-05-29,R50,45.726,43.771,52.703,21.9
2026-06-05,NUS,426.485,416.758,474.029,17.0
2026-06-05,R10,7.816,7.326,9.468,22.9
2026-06-05,R20,102.314,102.386,133.272,-0.2
2026-06-05,R30,248.644,235.44,266.673,42.3
2026-06-05,R40,23.858,23.877,26.101,-0.9
2026-06-05,R50,43.853,45.146,52.307,-18.1
2026-06-12,NUS,418.222,418.328,539.28,-0.1
2026-06-12,R10,7.892,7.326,12.36,11.2
2026-06-12,R20,97.804,102.239,137.978,-12.4
2026-06-12,R30,243.814,236.963,307.489,9.7
2026-06-12,R40,23.512,23.877,26.074,-16.6
2026-06-12,R50,45.2,45.054,55.845,1.4
